Regio's,Perioden,Particuliere huishoudens: samenstelling|Totaal particuliere huishoudens,Particuliere huishoudens: samenstelling|Eenpersoonshuishouden,Particuliere huishoudens: samenstelling|Meerpersoonshuishouden|Totaal meerpersoonshuishoudens,Particuliere huishoudens: samenstelling|Meerpersoonshuishouden|Niet-gehuwd paar|Totaal niet-gehuwde paren,Particuliere huishoudens: samenstelling|Meerpersoonshuishouden|Gehuwd paar|Totaal gehuwde paren,Particuliere huishoudens: samenstelling|Meerpersoonshuishouden|Eenouderhuishouden|Totaal eenouderhuishoudens,Particuliere huishoudens: grootte|Meerpersoonshuishouden|2 personen,Particuliere huishoudens: grootte|Meerpersoonshuishouden|3 personen,Particuliere huishoudens: grootte|Meerpersoonshuishouden|4 personen,Particuliere huishoudens: grootte|Meerpersoonshuishouden|5 of meer personen
Nederland,2014,7590228,2803852,4786376,916991,3291177,535870,2498744,920496,964012,403124
Nederland,2015,7665198,2867797,4797401,934671,3275358,545289,2512123,923286,961010,400982
Nederland,2016,7720787,2906334,4814453,954074,3261124,557426,2530437,924877,958746,400393
Nederland,2017,7794075,2961228,4832847,975602,3253633,562124,2540703,926964,961007,404173
Nederland,2018,7857914,2997617,4860297,997648,3249848,572419,2565256,929901,959802,405338
Nederland,2019,7924691,3037622,4887069,1015999,3248353,582106,2586739,932959,960878,406493
Nederland,2020,7997800,3079778,4918022,1037200,3250231,589975,2610601,938515,961314,407592
Nederland,2021,8043443,3097117,4946326,1077723,3233662,593871,2640717,940588,958249,406772
Nederland,2022,8138591,3172564,4966027,1099461,3228333,596408,2661105,942346,956266,406310
Nederland,2023,8270244,3266042,5004202,1108952,3242090,610633,2677788,956719,959324,410371
Nederland,2024,8374404,3340560,5033844,1120806,3247930,618056,2706372,968419,953582,405471
Aalsmeer,2014,12520,3504,9016,1753,6395,825,4162,1784,2309,761
Aalsmeer,2015,12672,3577,9095,1771,6434,845,4206,1771,2363,755
Aalsmeer,2016,12831,3682,9149,1786,6450,868,4251,1811,2306,781
Aalsmeer,2017,12965,3803,9162,1810,6426,884,4261,1830,2303,768
Aalsmeer,2018,12976,3733,9243,1884,6388,928,4334,1851,2301,757
Aalsmeer,2019,13089,3790,9299,1926,6369,960,4321,1911,2325,742
Aalsmeer,2020,13182,3836,9346,1940,6383,974,4374,1911,2313,748
Aalsmeer,2021,13295,3913,9382,1961,6360,1009,4405,1932,2302,743
Aalsmeer,2022,13712,4290,9422,1969,6368,1027,4407,2001,2285,729
Aalsmeer,2023,14199,4716,9483,1920,6425,1081,4431,2046,2261,745
Aalsmeer,2024,14405,4895,9510,1909,6426,1117,4477,2035,2262,736
Abcoude,2014,,,,,,,,,,
Abcoude,2015,,,,,,,,,,
Abcoude,2016,,,,,,,,,,
Abcoude,2017,,,,,,,,,,
Abcoude,2018,,,,,,,,,,
Abcoude,2019,,,,,,,,,,
Abcoude,2020,,,,,,,,,,
Abcoude,2021,,,,,,,,,,
Abcoude,2022,,,,,,,,,,
Abcoude,2023,,,,,,,,,,
Abcoude,2024,,,,,,,,,,
Akersloot,2014,,,,,,,,,,
Akersloot,2015,,,,,,,,,,
Akersloot,2016,,,,,,,,,,
Akersloot,2017,,,,,,,,,,
Akersloot,2018,,,,,,,,,,
Akersloot,2019,,,,,,,,,,
Akersloot,2020,,,,,,,,,,
Akersloot,2021,,,,,,,,,,
Akersloot,2022,,,,,,,,,,
Akersloot,2023,,,,,,,,,,
Akersloot,2024,,,,,,,,,,
Alkmaar,2014,44901,18109,26792,6085,16984,3533,14484,5150,5385,1773
Alkmaar,2015,50002,19646,30356,6792,19498,3850,16287,5840,6069,2160
Alkmaar,2016,50431,19935,30496,6977,19370,3945,16430,5881,6032,2153
Alkmaar,2017,50917,20371,30546,7083,19243,4002,16449,5863,6009,2225
Alkmaar,2018,51225,20628,30597,7091,19182,4124,16491,5939,5982,2185
Alkmaar,2019,51654,20930,30724,7136,19137,4239,16581,5934,6074,2135
Alkmaar,2020,52179,21177,31002,7395,19038,4364,16846,5964,6039,2153
Alkmaar,2021,52607,21492,31115,7536,18976,4386,17061,5860,6028,2166
Alkmaar,2022,53187,21990,31197,7603,18956,4419,17087,5960,6004,2146
Alkmaar,2023,53822,22386,31436,7635,18963,4602,17111,6118,6020,2187
Alkmaar,2024,54312,22680,31632,7819,18962,4599,17321,6263,5879,2169
Amerongen,2014,,,,,,,,,,
Amerongen,2015,,,,,,,,,,
Amerongen,2016,,,,,,,,,,
Amerongen,2017,,,,,,,,,,
Amerongen,2018,,,,,,,,,,
Amerongen,2019,,,,,,,,,,
Amerongen,2020,,,,,,,,,,
Amerongen,2021,,,,,,,,,,
Amerongen,2022,,,,,,,,,,
Amerongen,2023,,,,,,,,,,
Amerongen,2024,,,,,,,,,,
Amersfoort,2014,65226,23270,41956,8517,28294,4812,19691,8392,9751,4122
Amersfoort,2015,65998,23613,42385,8816,28359,4868,19947,8414,9909,4115
Amersfoort,2016,66538,23818,42720,9078,28312,4997,20181,8472,9928,4139
Amersfoort,2017,67135,24224,42911,9163,28387,5028,20356,8438,9937,4180
Amersfoort,2018,67675,24455,43220,9328,28420,5143,20607,8546,9828,4239
Amersfoort,2019,68517,25051,43466,9472,28413,5286,20895,8657,9677,4237
Amersfoort,2020,69226,25429,43797,9592,28503,5393,21182,8677,9715,4223
Amersfoort,2021,69643,25576,44067,9923,28397,5423,21686,8704,9481,4196
Amersfoort,2022,70599,26229,44370,10220,28369,5442,22149,8642,9425,4154
Amersfoort,2023,71879,26953,44926,10340,28683,5558,22437,8861,9465,4163
Amersfoort,2024,72682,27485,45197,10373,28909,5558,22725,8952,9397,4123
Amstelveen,2014,40942,17779,23163,4360,15653,2949,11692,5006,4946,1519
Amstelveen,2015,42154,18468,23686,4552,15976,2979,11901,5166,5075,1544
Amstelveen,2016,42636,18606,24030,4609,16211,3033,11943,5226,5270,1591
Amstelveen,2017,42756,18644,24112,4530,16324,3070,11719,5373,5347,1673
Amstelveen,2018,42865,18533,24332,4557,16425,3146,11763,5500,5359,1710
Amstelveen,2019,43326,18754,24572,4637,16633,3111,11851,5519,5442,1760
Amstelveen,2020,43485,18685,24800,4571,16796,3229,11847,5620,5512,1821
Amstelveen,2021,43004,18400,24604,4555,16596,3254,11744,5541,5543,1776
Amstelveen,2022,43961,19061,24900,4613,16764,3312,11900,5646,5548,1806
Amstelveen,2023,45149,19783,25366,4801,16969,3409,12049,5891,5595,1831
Amstelveen,2024,45423,19850,25573,4806,17104,3422,12240,5901,5577,1855
Amsterdam,2014,440780,241225,199555,62412,92262,39548,109845,42005,31566,16139
Amsterdam,2015,449209,247417,201792,63813,92545,39974,111352,42007,31993,16440
Amsterdam,2016,456462,251828,204634,66099,92770,40238,113309,42367,32213,16745
Amsterdam,2017,462329,255703,206626,67716,93450,40095,114376,42584,32506,17160
Amsterdam,2018,467606,258090,209516,69689,94284,40370,116699,42939,32628,17250
Amsterdam,2019,470223,257453,212770,71542,95705,40415,119185,43188,32926,17471
Amsterdam,2020,475368,258962,216406,73988,97165,40383,122266,43536,33081,17523
Amsterdam,2021,474875,256596,218279,77323,96281,39972,124787,43208,32883,17401
Amsterdam,2022,484574,265133,219441,79306,95642,39808,126382,43087,32854,17118
Amsterdam,2023,505705,277385,228320,82209,100478,40935,132271,44540,33953,17556
Amsterdam,2024,515181,283997,231184,82701,101878,41111,134728,45213,34015,17228
Andijk,2014,,,,,,,,,,
Andijk,2015,,,,,,,,,,
Andijk,2016,,,,,,,,,,
Andijk,2017,,,,,,,,,,
Andijk,2018,,,,,,,,,,
Andijk,2019,,,,,,,,,,
Andijk,2020,,,,,,,,,,
Andijk,2021,,,,,,,,,,
Andijk,2022,,,,,,,,,,
Andijk,2023,,,,,,,,,,
Andijk,2024,,,,,,,,,,
Anna Paulowna,2014,,,,,,,,,,
Anna Paulowna,2015,,,,,,,,,,
Anna Paulowna,2016,,,,,,,,,,
Anna Paulowna,2017,,,,,,,,,,
Anna Paulowna,2018,,,,,,,,,,
Anna Paulowna,2019,,,,,,,,,,
Anna Paulowna,2020,,,,,,,,,,
Anna Paulowna,2021,,,,,,,,,,
Anna Paulowna,2022,,,,,,,,,,
Anna Paulowna,2023,,,,,,,,,,
Anna Paulowna,2024,,,,,,,,,,
Baarn,2014,10808,3998,6810,1258,4732,788,3713,1240,1331,526
Baarn,2015,10970,4120,6850,1337,4714,764,3765,1229,1325,531
Baarn,2016,11001,4154,6847,1364,4676,764,3745,1243,1329,530
Baarn,2017,11046,4227,6819,1360,4651,772,3695,1271,1311,542
Baarn,2018,11017,4153,6864,1412,4660,760,3731,1260,1326,547
Baarn,2019,11080,4223,6857,1395,4661,771,3680,1261,1369,547
Baarn,2020,11099,4217,6882,1410,4645,790,3700,1256,1381,545
Baarn,2021,11165,4335,6830,1421,4594,780,3685,1250,1348,547
Baarn,2022,11159,4292,6867,1443,4625,766,3732,1216,1371,548
Baarn,2023,11232,4395,6837,1404,4633,765,3702,1195,1390,550
Baarn,2024,11281,4412,6869,1431,4650,748,3722,1258,1354,535
Beemster,2014,3636,987,2649,506,1921,206,1336,475,605,233
Beemster,2015,3653,1011,2642,506,1924,203,1352,460,602,228
Beemster,2016,3649,1009,2640,518,1901,211,1341,451,597,251
Beemster,2017,3768,1054,2714,554,1931,219,1374,476,621,243
Beemster,2018,3860,1030,2830,583,1996,240,1406,522,646,256
Beemster,2019,3947,1057,2890,594,2038,243,1423,556,654,257
Beemster,2020,4041,1075,2966,632,2065,256,1450,563,689,264
Beemster,2021,4060,1070,2990,653,2054,268,1451,580,686,273
Beemster,2022,,,,,,,,,,
Beemster,2023,,,,,,,,,,
Beemster,2024,,,,,,,,,,
Bennebroek,2014,,,,,,,,,,
Bennebroek,2015,,,,,,,,,,
Bennebroek,2016,,,,,,,,,,
Bennebroek,2017,,,,,,,,,,
Bennebroek,2018,,,,,,,,,,
Bennebroek,2019,,,,,,,,,,
Bennebroek,2020,,,,,,,,,,
Bennebroek,2021,,,,,,,,,,
Bennebroek,2022,,,,,,,,,,
Bennebroek,2023,,,,,,,,,,
Bennebroek,2024,,,,,,,,,,
Bergen (NH.),2014,13649,4849,8800,1487,6376,890,5046,1537,1601,616
Bergen (NH.),2015,13642,4859,8783,1521,6291,924,5116,1483,1572,612
Bergen (NH.),2016,13644,4901,8743,1523,6229,948,5098,1479,1558,608
Bergen (NH.),2017,13657,4930,8727,1553,6211,926,5067,1509,1562,589
Bergen (NH.),2018,13736,4977,8759,1571,6202,947,5104,1490,1583,582
Bergen (NH.),2019,13852,5110,8742,1564,6188,952,5121,1455,1596,570
Bergen (NH.),2020,13836,5142,8694,1613,6096,943,5091,1492,1531,580
Bergen (NH.),2021,13883,5204,8679,1668,6034,933,5103,1511,1510,555
Bergen (NH.),2022,13983,5308,8675,1700,5993,944,5122,1565,1449,539
Bergen (NH.),2023,14196,5426,8770,1768,5986,974,5178,1545,1505,542
Bergen (NH.),2024,14187,5442,8745,1746,5971,979,5250,1528,1431,536
Beverwijk,2014,18234,6764,11470,2385,7520,1488,5848,2336,2474,812
Beverwijk,2015,18342,6921,11421,2383,7461,1493,5779,2354,2481,807
Beverwijk,2016,18532,7142,11390,2407,7344,1563,5802,2354,2446,788
Beverwijk,2017,18747,7288,11459,2471,7379,1530,5789,2433,2415,822
Beverwijk,2018,18864,7274,11590,2526,7410,1575,5843,2471,2432,844
Beverwijk,2019,18921,7287,11634,2562,7391,1602,5901,2456,2433,844
Beverwijk,2020,19072,7287,11785,2580,7466,1648,5964,2498,2465,858
Beverwijk,2021,19203,7365,11838,2666,7430,1642,6016,2477,2460,885
Beverwijk,2022,19435,7559,11876,2714,7401,1662,6044,2478,2480,874
Beverwijk,2023,19647,7654,11993,2784,7445,1671,6089,2504,2490,910
Beverwijk,2024,19798,7807,11991,2734,7448,1698,6094,2465,2496,936
De Bilt,2014,18675,6839,11836,2030,8524,1220,6214,2054,2406,1162
De Bilt,2015,18934,7063,11871,2064,8477,1257,6282,2062,2400,1127
De Bilt,2016,18997,7017,11980,2168,8458,1273,6321,2110,2432,1117
De Bilt,2017,19234,7246,11988,2219,8410,1294,6243,2147,2479,1119
De Bilt,2018,19259,7248,12011,2267,8366,1315,6233,2183,2450,1145
De Bilt,2019,19190,7158,12032,2318,8319,1323,6239,2163,2485,1145
De Bilt,2020,19259,7144,12115,2404,8324,1307,6264,2128,2554,1169
De Bilt,2021,19343,7131,12212,2529,8315,1297,6246,2249,2558,1159
De Bilt,2022,19369,7163,12206,2549,8245,1343,6266,2192,2564,1184
De Bilt,2023,19494,7233,12261,2536,8260,1392,6221,2241,2586,1213
De Bilt,2024,19561,7305,12256,2526,8229,1426,6296,2278,2543,1139
Blaricum,2014,4102,1310,2792,383,2118,279,1614,462,521,195
Blaricum,2015,4201,1330,2871,449,2116,292,1676,474,523,198
Blaricum,2016,4286,1330,2956,479,2160,304,1692,511,536,217
Blaricum,2017,4525,1419,3106,527,2244,317,1740,549,585,232
Blaricum,2018,4738,1454,3284,606,2340,322,1794,590,642,258
Blaricum,2019,4845,1470,3375,625,2411,324,1753,670,672,280
Blaricum,2020,4944,1499,3445,642,2466,323,1734,704,706,301
Blaricum,2021,5070,1510,3560,679,2540,324,1809,644,779,328
Blaricum,2022,5167,1506,3661,713,2587,344,1813,672,836,340
Blaricum,2023,5230,1556,3674,710,2616,335,1821,661,841,351
Blaricum,2024,5369,1667,3702,723,2613,352,1820,685,823,374
Bloemendaal,2014,9445,3081,6364,970,4809,570,3412,1012,1300,640
Bloemendaal,2015,9442,3021,6421,1023,4805,578,3406,1038,1325,652
Bloemendaal,2016,9417,2995,6422,1069,4752,579,3382,1039,1335,666
Bloemendaal,2017,9592,3091,6501,1115,4776,592,3360,1025,1407,709
Bloemendaal,2018,9666,3070,6596,1156,4815,605,3382,1033,1431,750
Bloemendaal,2019,9724,3063,6661,1179,4855,610,3408,1016,1488,749
Bloemendaal,2020,9765,3074,6691,1170,4885,621,3399,1048,1493,751
Bloemendaal,2021,9818,3104,6714,1218,4880,598,3437,1060,1477,740
Bloemendaal,2022,9893,3138,6755,1260,4900,580,3426,1083,1497,749
Bloemendaal,2023,9945,3187,6758,1254,4900,587,3402,1116,1503,737
Bloemendaal,2024,10067,3293,6774,1287,4871,594,3464,1136,1475,699
Breukelen,2014,,,,,,,,,,
Breukelen,2015,,,,,,,,,,
Breukelen,2016,,,,,,,,,,
Breukelen,2017,,,,,,,,,,
Breukelen,2018,,,,,,,,,,
Breukelen,2019,,,,,,,,,,
Breukelen,2020,,,,,,,,,,
Breukelen,2021,,,,,,,,,,
Breukelen,2022,,,,,,,,,,
Breukelen,2023,,,,,,,,,,
Breukelen,2024,,,,,,,,,,
Bunnik,2014,6224,1899,4325,698,3261,347,2223,731,1003,368
Bunnik,2015,6267,1900,4367,737,3264,349,2274,761,973,359
Bunnik,2016,6325,1938,4387,765,3250,353,2279,766,978,364
Bunnik,2017,6446,1964,4482,819,3284,361,2292,770,1048,372
Bunnik,2018,6470,1981,4489,839,3272,361,2277,781,1057,374
Bunnik,2019,6445,1981,4464,851,3235,356,2240,790,1055,379
Bunnik,2020,6433,1969,4464,882,3209,356,2259,756,1054,395
Bunnik,2021,6511,2014,4497,925,3193,365,2266,762,1067,402
Bunnik,2022,6624,2059,4565,976,3207,365,2293,791,1071,410
Bunnik,2023,6880,2227,4653,1031,3235,362,2347,797,1080,429
Bunnik,2024,6946,2285,4661,1014,3232,390,2335,807,1112,407
Bunschoten,2014,7677,1845,5832,411,5035,363,2434,1135,1363,900
Bunschoten,2015,7777,1881,5896,454,5037,380,2501,1126,1387,882
Bunschoten,2016,7834,1895,5939,441,5065,410,2532,1129,1383,895
Bunschoten,2017,7958,1957,6001,474,5093,412,2585,1134,1389,893
Bunschoten,2018,8050,1965,6085,521,5116,420,2617,1196,1386,886
Bunschoten,2019,8216,2045,6171,538,5174,432,2680,1192,1411,888
Bunschoten,2020,8370,2159,6211,529,5226,434,2702,1180,1435,894
Bunschoten,2021,8471,2223,6248,582,5206,439,2751,1145,1449,903
Bunschoten,2022,8623,2269,6354,634,5252,445,2830,1157,1474,893
Bunschoten,2023,8757,2359,6398,623,5262,479,2881,1153,1470,894
Bunschoten,2024,8833,2398,6435,635,5285,478,2902,1168,1476,889
Bussum,2014,14864,6076,8788,1879,5879,960,4422,1548,1899,919
Bussum,2015,15021,6169,8852,1942,5849,990,4438,1595,1899,920
Bussum,2016,,,,,,,,,,
Bussum,2017,,,,,,,,,,
Bussum,2018,,,,,,,,,,
Bussum,2019,,,,,,,,,,
Bussum,2020,,,,,,,,,,
Bussum,2021,,,,,,,,,,
Bussum,2022,,,,,,,,,,
Bussum,2023,,,,,,,,,,
Bussum,2024,,,,,,,,,,
Castricum,2014,14804,4646,10158,1636,7588,893,5404,1642,2280,832
Castricum,2015,14922,4783,10139,1664,7515,933,5417,1676,2223,823
Castricum,2016,15092,4880,10212,1735,7507,940,5461,1739,2195,817
Castricum,2017,15386,4972,10414,1866,7560,950,5560,1790,2249,815
Castricum,2018,15585,5083,10502,1990,7550,926,5563,1839,2292,808
Castricum,2019,15678,5128,10550,2061,7522,928,5565,1883,2312,790
Castricum,2020,15778,5199,10579,2103,7486,945,5593,1836,2344,806
Castricum,2021,15894,5282,10612,2193,7452,929,5651,1799,2364,798
Castricum,2022,16026,5384,10642,2225,7427,949,5672,1849,2323,798
Castricum,2023,16043,5350,10693,2215,7413,1021,5703,1871,2305,814
Castricum,2024,16250,5537,10713,2248,7413,1007,5742,1925,2263,783
Diemen,2014,12916,5995,6921,1564,4101,1171,3565,1509,1394,453
Diemen,2015,13499,6468,7031,1649,4128,1180,3674,1491,1400,466
Diemen,2016,13508,6384,7124,1718,4157,1175,3704,1549,1417,454
Diemen,2017,13634,6441,7193,1678,4211,1209,3627,1627,1444,495
Diemen,2018,14134,6712,7422,1780,4318,1233,3784,1676,1458,504
Diemen,2019,14658,6867,7791,1968,4472,1244,4041,1747,1485,518
Diemen,2020,15640,7456,8184,2174,4590,1294,4307,1783,1555,539
Diemen,2021,15895,7426,8469,2418,4640,1288,4556,1826,1572,515
Diemen,2022,16233,7652,8581,2541,4647,1284,4676,1798,1577,530
Diemen,2023,16669,7824,8845,2540,4839,1340,4789,1876,1619,561
Diemen,2024,16760,7888,8872,2527,4830,1375,4796,1894,1615,567
Dijk en Waard,2014,,,,,,,,,,
Dijk en Waard,2015,,,,,,,,,,
Dijk en Waard,2016,,,,,,,,,,
Dijk en Waard,2017,,,,,,,,,,
Dijk en Waard,2018,,,,,,,,,,
Dijk en Waard,2019,,,,,,,,,,
Dijk en Waard,2020,,,,,,,,,,
Dijk en Waard,2021,,,,,,,,,,
Dijk en Waard,2022,36544,10962,25582,5226,17361,2887,12639,4897,5768,2278
Dijk en Waard,2023,37390,11432,25958,5316,17599,2934,12933,4977,5767,2281
Dijk en Waard,2024,37986,11748,26238,5330,17762,3018,13147,5018,5819,2254
Doorn,2014,,,,,,,,,,
Doorn,2015,,,,,,,,,,
Doorn,2016,,,,,,,,,,
Doorn,2017,,,,,,,,,,
Doorn,2018,,,,,,,,,,
Doorn,2019,,,,,,,,,,
Doorn,2020,,,,,,,,,,
Doorn,2021,,,,,,,,,,
Doorn,2022,,,,,,,,,,
Doorn,2023,,,,,,,,,,
Doorn,2024,,,,,,,,,,
Drechterland,2014,7878,2095,5783,967,4388,407,2967,970,1215,631
Drechterland,2015,7939,2176,5763,953,4357,432,2963,973,1181,646
Drechterland,2016,7977,2177,5800,992,4338,448,2974,1001,1193,632
Drechterland,2017,8006,2205,5801,1050,4295,439,2978,1010,1195,618
Drechterland,2018,8064,2244,5820,1062,4273,467,3002,1014,1196,608
Drechterland,2019,8119,2251,5868,1081,4267,497,3028,1011,1213,616
Drechterland,2020,8201,2286,5915,1120,4257,514,3078,1028,1197,612
Drechterland,2021,8270,2333,5937,1163,4219,532,3067,1043,1233,594
Drechterland,2022,8384,2447,5937,1166,4227,521,3073,1023,1230,611
Drechterland,2023,8643,2610,6033,1187,4261,555,3131,1051,1241,610
Drechterland,2024,8734,2669,6065,1200,4289,547,3136,1098,1249,582
Driebergen-Rijsenburg,2014,,,,,,,,,,
Driebergen-Rijsenburg,2015,,,,,,,,,,
Driebergen-Rijsenburg,2016,,,,,,,,,,
Driebergen-Rijsenburg,2017,,,,,,,,,,
Driebergen-Rijsenburg,2018,,,,,,,,,,
Driebergen-Rijsenburg,2019,,,,,,,,,,
Driebergen-Rijsenburg,2020,,,,,,,,,,
Driebergen-Rijsenburg,2021,,,,,,,,,,
Driebergen-Rijsenburg,2022,,,,,,,,,,
Driebergen-Rijsenburg,2023,,,,,,,,,,
Driebergen-Rijsenburg,2024,,,,,,,,,,
Edam-Volendam,2014,11614,3166,8448,1178,6592,654,3886,1445,2330,787
Edam-Volendam,2015,11795,3258,8537,1285,6602,624,4014,1430,2315,778
Edam-Volendam,2016,14433,3918,10515,1672,8001,817,5102,1761,2713,939
Edam-Volendam,2017,14587,4011,10576,1699,8038,817,5109,1778,2741,948
Edam-Volendam,2018,14670,4055,10615,1708,8043,836,5135,1785,2756,939
Edam-Volendam,2019,14803,4157,10646,1726,8027,864,5134,1850,2725,937
Edam-Volendam,2020,14854,4189,10665,1769,7987,869,5142,1842,2739,942
Edam-Volendam,2021,15000,4313,10687,1862,7889,898,5202,1851,2709,925
Edam-Volendam,2022,15193,4367,10826,1977,7886,926,5389,1877,2664,896
Edam-Volendam,2023,15399,4512,10887,1980,7892,978,5379,1968,2637,903
Edam-Volendam,2024,15520,4583,10937,2037,7888,974,5423,1978,2650,886
Eemnes,2014,3618,981,2637,445,1899,282,1269,530,603,235
Eemnes,2015,3663,1010,2653,454,1899,289,1285,547,602,219
Eemnes,2016,3702,1020,2682,493,1887,294,1330,540,593,219
Eemnes,2017,3788,1084,2704,524,1888,286,1356,518,613,217
Eemnes,2018,3833,1098,2735,536,1886,306,1368,530,612,225
Eemnes,2019,3863,1133,2730,536,1884,299,1360,550,592,228
Eemnes,2020,3958,1219,2739,545,1875,308,1385,519,603,232
Eemnes,2021,4022,1237,2785,588,1860,328,1434,526,588,237
Eemnes,2022,4045,1247,2798,589,1876,322,1411,553,596,238
Eemnes,2023,4093,1258,2835,580,1908,338,1408,573,608,246
Eemnes,2024,4212,1310,2902,600,1945,345,1478,599,589,236
Egmond,2014,,,,,,,,,,
Egmond,2015,,,,,,,,,,
Egmond,2016,,,,,,,,,,
Egmond,2017,,,,,,,,,,
Egmond,2018,,,,,,,,,,
Egmond,2019,,,,,,,,,,
Egmond,2020,,,,,,,,,,
Egmond,2021,,,,,,,,,,
Egmond,2022,,,,,,,,,,
Egmond,2023,,,,,,,,,,
Egmond,2024,,,,,,,,,,
Enkhuizen,2014,8305,2887,5418,1020,3729,647,2978,1006,1042,392
Enkhuizen,2015,8345,2962,5383,1025,3710,623,2941,1025,1031,386
Enkhuizen,2016,8459,3057,5402,1031,3688,656,2976,1011,1040,375
Enkhuizen,2017,8506,3086,5420,1039,3687,675,3022,993,1028,377
Enkhuizen,2018,8515,3133,5382,1020,3665,678,2986,981,1043,372
Enkhuizen,2019,8563,3208,5355,1007,3637,688,2966,977,1033,379
Enkhuizen,2020,8622,3248,5374,1017,3648,686,2980,990,1026,378
Enkhuizen,2021,8662,3284,5378,1051,3620,684,2959,1013,1043,363
Enkhuizen,2022,8705,3352,5353,1033,3587,701,2948,1027,1012,366
Enkhuizen,2023,8847,3474,5373,1065,3568,714,2942,1023,1024,384
Enkhuizen,2024,8884,3532,5352,1014,3575,725,2926,1005,1017,404
Gooise Meren,2014,,,,,,,,,,
Gooise Meren,2015,,,,,,,,,,
Gooise Meren,2016,25338,9699,15639,3187,10583,1776,7750,2813,3473,1603
Gooise Meren,2017,25494,9829,15665,3292,10500,1783,7704,2810,3514,1637
Gooise Meren,2018,25627,9847,15780,3345,10489,1845,7738,2835,3534,1673
Gooise Meren,2019,25828,10002,15826,3468,10416,1846,7674,2938,3518,1696
Gooise Meren,2020,25914,9960,15954,3576,10363,1925,7710,2984,3572,1688
Gooise Meren,2021,26218,10153,16065,3704,10355,1903,7748,3042,3589,1686
Gooise Meren,2022,26471,10336,16135,3778,10329,1930,7778,3083,3598,1676
Gooise Meren,2023,27100,10549,16551,3923,10534,1996,7909,3266,3676,1700
Gooise Meren,2024,27248,10601,16647,3997,10539,2017,8071,3265,3699,1612
Graft-De Rijp,2014,2648,717,1931,331,1428,168,988,337,419,187
Graft-De Rijp,2015,,,,,,,,,,
Graft-De Rijp,2016,,,,,,,,,,
Graft-De Rijp,2017,,,,,,,,,,
Graft-De Rijp,2018,,,,,,,,,,
Graft-De Rijp,2019,,,,,,,,,,
Graft-De Rijp,2020,,,,,,,,,,
Graft-De Rijp,2021,,,,,,,,,,
Graft-De Rijp,2022,,,,,,,,,,
Graft-De Rijp,2023,,,,,,,,,,
Graft-De Rijp,2024,,,,,,,,,,
's-Graveland,2014,,,,,,,,,,
's-Graveland,2015,,,,,,,,,,
's-Graveland,2016,,,,,,,,,,
's-Graveland,2017,,,,,,,,,,
's-Graveland,2018,,,,,,,,,,
's-Graveland,2019,,,,,,,,,,
's-Graveland,2020,,,,,,,,,,
's-Graveland,2021,,,,,,,,,,
's-Graveland,2022,,,,,,,,,,
's-Graveland,2023,,,,,,,,,,
's-Graveland,2024,,,,,,,,,,
Haarlem,2014,75294,33207,42087,11244,24859,5496,22069,8514,8303,3201
Haarlem,2015,75959,33550,42409,11586,24783,5542,22127,8518,8504,3260
Haarlem,2016,76564,33687,42877,12006,24665,5721,22356,8599,8582,3340
Haarlem,2017,76799,33770,43029,12274,24523,5791,22328,8615,8692,3394
Haarlem,2018,76946,33717,43229,12432,24558,5801,22320,8725,8797,3387
Haarlem,2019,77813,34113,43700,12544,24791,5934,22456,8867,8930,3447
Haarlem,2020,78171,34100,44071,12686,24927,6044,22547,8933,9150,3441
Haarlem,2021,78202,34046,44156,12994,24723,6030,22688,9013,9107,3348
Haarlem,2022,78486,34199,44287,13184,24600,6107,22835,9008,9096,3348
Haarlem,2023,79630,35025,44605,13134,24886,6190,22836,9127,9270,3372
Haarlem,2024,80862,35379,45483,13535,25230,6230,23543,9361,9262,3317
Haarlemmerliede en Spaarnwoude,2014,2355,683,1672,334,1139,191,823,339,393,117
Haarlemmerliede en Spaarnwoude,2015,2384,700,1684,357,1141,179,843,333,388,120
Haarlemmerliede en Spaarnwoude,2016,2373,693,1680,361,1141,172,831,334,396,119
Haarlemmerliede en Spaarnwoude,2017,2412,704,1708,369,1144,190,836,358,400,114
Haarlemmerliede en Spaarnwoude,2018,2476,694,1782,419,1178,181,874,373,406,129
Haarlemmerliede en Spaarnwoude,2019,,,,,,,,,,
Haarlemmerliede en Spaarnwoude,2020,,,,,,,,,,
Haarlemmerliede en Spaarnwoude,2021,,,,,,,,,,
Haarlemmerliede en Spaarnwoude,2022,,,,,,,,,,
Haarlemmerliede en Spaarnwoude,2023,,,,,,,,,,
Haarlemmerliede en Spaarnwoude,2024,,,,,,,,,,
Haarlemmermeer,2014,59329,17316,42013,7657,29394,4713,19009,8947,10707,3350
Haarlemmermeer,2015,59883,17935,41948,7722,29199,4785,19118,8893,10622,3315
Haarlemmermeer,2016,60211,18113,42098,7849,29124,4881,19267,8981,10537,3313
Haarlemmermeer,2017,61165,18626,42539,8064,29229,5011,19558,9155,10472,3354
Haarlemmermeer,2018,61694,18662,43032,8257,29352,5185,19916,9271,10487,3358
Haarlemmermeer,2019,64812,19813,44999,8731,30586,5424,20794,9795,10903,3507
Haarlemmermeer,2020,65732,20213,45519,8836,30836,5579,21090,9980,10942,3507
Haarlemmermeer,2021,66655,20613,46042,9072,31029,5680,21333,10225,10944,3540
Haarlemmermeer,2022,67333,20848,46485,9249,31138,5804,21580,10421,10891,3593
Haarlemmermeer,2023,68906,21917,46989,9274,31453,5987,21677,10628,11056,3628
Haarlemmermeer,2024,69401,22218,47183,9231,31624,6011,21796,10773,10986,3628
Harenkarspel,2014,,,,,,,,,,
Harenkarspel,2015,,,,,,,,,,
Harenkarspel,2016,,,,,,,,,,
Harenkarspel,2017,,,,,,,,,,
Harenkarspel,2018,,,,,,,,,,
Harenkarspel,2019,,,,,,,,,,
Harenkarspel,2020,,,,,,,,,,
Harenkarspel,2021,,,,,,,,,,
Harenkarspel,2022,,,,,,,,,,
Harenkarspel,2023,,,,,,,,,,
Harenkarspel,2024,,,,,,,,,,
Harmelen,2014,,,,,,,,,,
Harmelen,2015,,,,,,,,,,
Harmelen,2016,,,,,,,,,,
Harmelen,2017,,,,,,,,,,
Harmelen,2018,,,,,,,,,,
Harmelen,2019,,,,,,,,,,
Harmelen,2020,,,,,,,,,,
Harmelen,2021,,,,,,,,,,
Harmelen,2022,,,,,,,,,,
Harmelen,2023,,,,,,,,,,
Harmelen,2024,,,,,,,,,,
Heemskerk,2014,17031,5584,11447,1896,8236,1274,5904,2158,2498,887
Heemskerk,2015,17174,5712,11462,1961,8162,1299,5939,2192,2467,864
Heemskerk,2016,17330,5786,11544,1978,8128,1382,6035,2194,2494,821
Heemskerk,2017,17333,5854,11479,2021,8021,1387,5976,2205,2505,793
Heemskerk,2018,17282,5780,11502,2042,8006,1404,5988,2278,2431,805
Heemskerk,2019,17282,5753,11529,2062,7983,1420,6033,2272,2403,821
Heemskerk,2020,17342,5777,11565,2152,7955,1400,6146,2215,2393,811
Heemskerk,2021,17361,5780,11581,2147,7949,1422,6120,2292,2380,789
Heemskerk,2022,17439,5925,11514,2151,7892,1415,6065,2303,2345,801
Heemskerk,2023,17605,6113,11492,2143,7903,1384,6042,2290,2336,824
Heemskerk,2024,17622,6126,11496,2159,7844,1424,6056,2295,2311,834
Heemstede,2014,11622,4125,7497,1292,5434,739,3974,1258,1567,698
Heemstede,2015,11737,4205,7532,1327,5429,742,3996,1286,1589,661
Heemstede,2016,11843,4256,7587,1386,5407,764,4008,1295,1614,670
Heemstede,2017,11915,4329,7586,1401,5404,754,3941,1314,1638,693
Heemstede,2018,11917,4299,7618,1460,5376,755,3933,1328,1652,705
Heemstede,2019,12021,4362,7659,1488,5365,778,3911,1362,1674,712
Heemstede,2020,12019,4410,7609,1482,5315,780,3867,1350,1664,728
Heemstede,2021,12152,4422,7730,1540,5340,817,3915,1397,1699,719
Heemstede,2022,12171,4442,7729,1600,5297,804,3940,1368,1716,705
Heemstede,2023,12293,4528,7765,1609,5312,815,3937,1377,1753,698
Heemstede,2024,12250,4503,7747,1620,5273,821,4000,1337,1718,692
Heerhugowaard,2014,21873,6336,15537,2861,10984,1624,7487,2975,3638,1437
Heerhugowaard,2015,22118,6527,15591,2880,10941,1701,7538,3002,3619,1432
Heerhugowaard,2016,22336,6649,15687,2928,10889,1804,7632,3008,3603,1444
Heerhugowaard,2017,22764,6872,15892,3009,10983,1833,7739,3037,3668,1448
Heerhugowaard,2018,23065,6952,16113,3150,11046,1851,7813,3099,3717,1484
Heerhugowaard,2019,23386,7042,16344,3241,11105,1929,7892,3206,3708,1538
Heerhugowaard,2020,23770,7151,16619,3261,11292,1994,8074,3226,3788,1531
Heerhugowaard,2021,24166,7327,16839,3436,11321,2012,8166,3279,3846,1548
Heerhugowaard,2022,,,,,,,,,,
Heerhugowaard,2023,,,,,,,,,,
Heerhugowaard,2024,,,,,,,,,,
Heiloo,2014,9822,3126,6696,1076,5030,571,3639,1049,1496,512
Heiloo,2015,9856,3198,6658,1088,4971,577,3659,1035,1449,515
Heiloo,2016,9954,3283,6671,1131,4965,557,3699,991,1457,524
Heiloo,2017,10310,3588,6722,1176,4959,562,3693,1050,1458,521
Heiloo,2018,10363,3604,6759,1208,4941,590,3684,1091,1439,545
Heiloo,2019,10572,3726,6846,1226,4982,616,3714,1123,1466,543
Heiloo,2020,10770,3801,6969,1285,5027,635,3749,1169,1493,558
Heiloo,2021,10873,3799,7074,1373,5026,646,3847,1186,1506,535
Heiloo,2022,11001,3826,7175,1430,5072,644,3909,1201,1533,532
Heiloo,2023,11013,3879,7134,1420,5054,636,3902,1200,1503,529
Heiloo,2024,11128,3995,7133,1432,5019,654,3934,1248,1436,515
Den Helder,2014,26545,10006,16539,2696,11434,2320,9418,3394,2842,885
Den Helder,2015,26484,10078,16406,2675,11334,2315,9386,3289,2829,902
Den Helder,2016,26485,10176,16309,2678,11225,2327,9413,3231,2771,894
Den Helder,2017,26652,10530,16122,2641,11074,2342,9284,3206,2732,900
Den Helder,2018,26615,10581,16034,2715,10932,2315,9316,3155,2628,935
Den Helder,2019,26774,10791,15983,2700,10831,2380,9304,3111,2654,914
Den Helder,2020,27069,11030,16039,2744,10827,2392,9377,3095,2635,932
Den Helder,2021,27243,11145,16098,2835,10776,2402,9442,3131,2631,894
Den Helder,2022,27296,11311,15985,2815,10670,2409,9426,3068,2582,909
Den Helder,2023,27391,11434,15957,2800,10635,2423,9359,3091,2572,935
Den Helder,2024,27610,11606,16004,2763,10671,2463,9417,3080,2600,907
Hilversum,2014,41172,17379,23793,5365,15332,2890,12661,4633,4648,1851
Hilversum,2015,41450,17353,24097,5519,15382,2994,12844,4694,4690,1869
Hilversum,2016,41554,17331,24223,5599,15377,3046,12788,4727,4837,1871
Hilversum,2017,42065,17590,24475,5768,15413,3106,12825,4839,4888,1923
Hilversum,2018,42259,17588,24671,5852,15409,3210,12908,4833,4981,1949
Hilversum,2019,42515,17728,24787,5922,15435,3254,12793,4926,5066,2002
Hilversum,2020,42697,17714,24983,5935,15557,3300,12793,5049,5156,1985
Hilversum,2021,43005,17845,25160,6215,15458,3289,12970,5053,5159,1978
Hilversum,2022,43396,18226,25170,6329,15412,3245,12905,5112,5156,1997
Hilversum,2023,44337,18921,25416,6328,15497,3387,12906,5215,5271,2024
Hilversum,2024,45106,19478,25628,6352,15654,3408,13009,5356,5319,1944
Hollands Kroon,2014,19945,5538,14407,2447,10747,1151,7549,2536,3028,1294
Hollands Kroon,2015,20100,5739,14361,2487,10635,1178,7541,2543,2987,1290
Hollands Kroon,2016,20107,5776,14331,2487,10567,1216,7497,2626,2899,1309
Hollands Kroon,2017,20186,5840,14346,2565,10485,1237,7535,2624,2896,1291
Hollands Kroon,2018,20205,5831,14374,2615,10433,1264,7602,2591,2861,1320
Hollands Kroon,2019,20458,6093,14365,2680,10333,1301,7638,2548,2895,1284
Hollands Kroon,2020,21042,6640,14402,2709,10338,1304,7663,2583,2885,1271
Hollands Kroon,2021,21245,6797,14448,2762,10281,1343,7733,2618,2827,1270
Hollands Kroon,2022,21399,6883,14516,2875,10232,1350,7803,2636,2824,1253
Hollands Kroon,2023,21687,7070,14617,2905,10251,1394,7838,2701,2802,1276
Hollands Kroon,2024,21963,7292,14671,2966,10218,1415,7950,2693,2807,1221
Hoorn,2014,31951,11177,20774,4435,13419,2779,10529,4266,4374,1605
Hoorn,2015,32192,11387,20805,4505,13336,2823,10548,4298,4403,1556
Hoorn,2016,32417,11580,20837,4515,13262,2922,10619,4237,4413,1568
Hoorn,2017,32738,11835,20903,4507,13320,2950,10717,4210,4411,1565
Hoorn,2018,32792,11794,20998,4606,13269,3003,10782,4248,4376,1592
Hoorn,2019,32987,12006,20981,4566,13232,3053,10789,4186,4378,1628
Hoorn,2020,33162,12151,21011,4622,13150,3119,10740,4303,4372,1596
Hoorn,2021,33434,12297,21137,4738,13123,3153,10903,4262,4376,1596
Hoorn,2022,33935,12584,21351,4878,13150,3185,11103,4365,4306,1577
Hoorn,2023,34466,13000,21466,4858,13238,3242,11051,4479,4342,1594
Hoorn,2024,34672,13040,21632,4973,13275,3233,11131,4566,4360,1575
Houten,2014,19152,4998,14154,2516,10206,1385,6210,2917,3581,1446
Houten,2015,19306,5081,14225,2540,10239,1399,6300,2894,3610,1421
Houten,2016,19379,5044,14335,2606,10266,1422,6445,2898,3574,1418
Houten,2017,19665,5220,14445,2656,10326,1424,6480,2938,3574,1453
Houten,2018,19892,5387,14505,2642,10355,1465,6548,2924,3606,1427
Houten,2019,20151,5486,14665,2717,10428,1486,6739,2937,3580,1409
Houten,2020,20265,5540,14725,2688,10488,1508,6791,2922,3577,1435
Houten,2021,20477,5725,14752,2772,10437,1505,6884,2918,3524,1426
Houten,2022,20666,5882,14784,2794,10449,1501,6977,2880,3541,1386
Houten,2023,20964,6079,14885,2799,10517,1532,7134,2878,3533,1340
Houten,2024,21185,6157,15028,2817,10592,1562,7258,2973,3489,1308
Huizen,2014,17904,5829,12075,1921,8792,1295,6260,2347,2438,1030
Huizen,2015,18031,5914,12117,1957,8743,1353,6340,2348,2415,1014
Huizen,2016,18115,6035,12080,1962,8702,1357,6330,2324,2423,1003
Huizen,2017,18301,6212,12089,1977,8646,1402,6361,2387,2354,987
Huizen,2018,18312,6213,12099,2022,8595,1423,6413,2340,2350,996
Huizen,2019,18391,6321,12070,2024,8530,1455,6453,2303,2339,975
Huizen,2020,18470,6459,12011,2026,8473,1447,6469,2252,2324,966
Huizen,2021,18525,6542,11983,2146,8334,1430,6500,2280,2288,915
Huizen,2022,18628,6704,11924,2153,8284,1425,6501,2275,2289,859
Huizen,2023,18799,6836,11963,2146,8262,1487,6534,2249,2293,887
Huizen,2024,18807,6832,11975,2164,8224,1513,6577,2293,2217,888
IJsselstein,2014,14123,4176,9947,1954,6814,1132,4505,2063,2491,888
IJsselstein,2015,14052,4162,9890,1956,6734,1155,4505,2081,2450,854
IJsselstein,2016,14132,4151,9981,1980,6739,1221,4660,2080,2405,836
IJsselstein,2017,14218,4199,10019,1977,6757,1238,4720,2061,2398,840
IJsselstein,2018,14359,4347,10012,1956,6753,1264,4741,2064,2363,844
IJsselstein,2019,14363,4392,9971,1944,6737,1254,4730,2053,2365,823
IJsselstein,2020,14374,4416,9958,1961,6672,1279,4715,2109,2325,809
IJsselstein,2021,14383,4490,9893,2006,6591,1252,4752,2062,2308,771
IJsselstein,2022,14310,4494,9816,2017,6512,1235,4798,2019,2245,754
IJsselstein,2023,14432,4641,9791,1952,6527,1253,4771,2036,2243,741
IJsselstein,2024,14446,4654,9792,1985,6468,1281,4820,2052,2201,719
Koggenland,2014,9061,2483,6578,1224,4872,462,3198,1109,1484,787
Koggenland,2015,9072,2522,6550,1264,4796,467,3191,1095,1497,767
Koggenland,2016,9129,2570,6559,1274,4777,485,3219,1082,1480,778
Koggenland,2017,9155,2605,6550,1318,4724,485,3188,1110,1490,762
Koggenland,2018,9220,2626,6594,1331,4734,509,3227,1126,1490,751
Koggenland,2019,9251,2622,6629,1329,4732,549,3251,1134,1491,753
Koggenland,2020,9318,2647,6671,1355,4731,565,3326,1124,1499,722
Koggenland,2021,9409,2632,6777,1405,4735,607,3395,1207,1452,723
Koggenland,2022,9495,2685,6810,1427,4764,599,3413,1255,1432,710
Koggenland,2023,9789,2895,6894,1427,4821,624,3465,1249,1457,723
Koggenland,2024,9886,2989,6897,1442,4813,618,3472,1247,1464,714
Landsmeer,2014,4467,1268,3199,579,2257,356,1613,701,703,182
Landsmeer,2015,4664,1356,3308,637,2287,372,1690,717,703,198
Landsmeer,2016,4720,1364,3356,671,2281,393,1714,720,728,194
Landsmeer,2017,4836,1382,3454,685,2331,425,1732,757,753,212
Landsmeer,2018,4859,1379,3480,705,2342,416,1703,768,790,219
Landsmeer,2019,4866,1406,3460,688,2335,422,1682,758,797,223
Landsmeer,2020,4855,1385,3470,697,2329,430,1690,763,787,230
Landsmeer,2021,4885,1390,3495,716,2324,439,1720,748,789,238
Landsmeer,2022,4882,1390,3492,736,2296,443,1715,753,786,238
Landsmeer,2023,4961,1455,3506,745,2292,452,1732,722,795,257
Landsmeer,2024,4986,1491,3495,749,2285,443,1732,757,754,252
Langedijk,2014,10959,2837,8122,1438,5902,749,4038,1472,1860,752
Langedijk,2015,11150,2934,8216,1502,5911,766,4073,1534,1855,754
Langedijk,2016,11280,3016,8264,1564,5849,819,4140,1528,1845,751
Langedijk,2017,11325,2990,8335,1618,5860,819,4190,1519,1880,746
Langedijk,2018,11504,3075,8429,1638,5919,836,4284,1538,1872,735
Langedijk,2019,11639,3193,8446,1627,5941,848,4315,1513,1874,744
Langedijk,2020,11727,3233,8494,1698,5897,867,4349,1531,1882,732
Langedijk,2021,11822,3300,8522,1733,5904,852,4361,1532,1906,723
Langedijk,2022,,,,,,,,,,
Langedijk,2023,,,,,,,,,,
Langedijk,2024,,,,,,,,,,
Laren (NH.),2014,4808,1711,3097,490,2251,342,1782,496,592,227
Laren (NH.),2015,4891,1789,3102,495,2251,339,1794,491,571,246
Laren (NH.),2016,4909,1809,3100,492,2240,352,1752,513,588,247
Laren (NH.),2017,4915,1768,3147,548,2229,357,1761,510,609,267
Laren (NH.),2018,4943,1770,3173,573,2217,368,1753,533,629,258
Laren (NH.),2019,4954,1804,3150,561,2197,377,1740,519,618,273
Laren (NH.),2020,4996,1842,3154,577,2200,363,1724,526,623,281
Laren (NH.),2021,5075,1892,3183,598,2211,360,1726,548,626,283
Laren (NH.),2022,5131,1916,3215,629,2204,369,1754,561,625,275
Laren (NH.),2023,5256,2009,3247,627,2205,403,1770,580,614,283
Laren (NH.),2024,5187,1996,3191,614,2197,366,1772,562,607,250
Leersum,2014,,,,,,,,,,
Leersum,2015,,,,,,,,,,
Leersum,2016,,,,,,,,,,
Leersum,2017,,,,,,,,,,
Leersum,2018,,,,,,,,,,
Leersum,2019,,,,,,,,,,
Leersum,2020,,,,,,,,,,
Leersum,2021,,,,,,,,,,
Leersum,2022,,,,,,,,,,
Leersum,2023,,,,,,,,,,
Leersum,2024,,,,,,,,,,
Leusden,2014,12248,3544,8704,1348,6595,734,4481,1561,1954,708
Leusden,2015,12334,3608,8726,1395,6547,757,4522,1568,1935,701
Leusden,2016,12456,3670,8786,1422,6566,766,4558,1574,1937,717
Leusden,2017,12687,3822,8865,1469,6583,784,4584,1615,1954,712
Leusden,2018,12688,3802,8886,1473,6582,796,4623,1585,1949,729
Leusden,2019,12887,3928,8959,1509,6604,814,4725,1544,1971,719
Leusden,2020,13040,3967,9073,1511,6674,851,4776,1609,1972,716
Leusden,2021,13186,4077,9109,1584,6647,838,4829,1604,1957,719
Leusden,2022,13298,4141,9157,1647,6648,829,4866,1628,1939,724
Leusden,2023,13749,4427,9322,1701,6718,875,4956,1667,1990,709
Leusden,2024,13887,4531,9356,1701,6748,869,4949,1696,2022,689
Limmen,2014,,,,,,,,,,
Limmen,2015,,,,,,,,,,
Limmen,2016,,,,,,,,,,
Limmen,2017,,,,,,,,,,
Limmen,2018,,,,,,,,,,
Limmen,2019,,,,,,,,,,
Limmen,2020,,,,,,,,,,
Limmen,2021,,,,,,,,,,
Limmen,2022,,,,,,,,,,
Limmen,2023,,,,,,,,,,
Limmen,2024,,,,,,,,,,
Loenen,2014,,,,,,,,,,
Loenen,2015,,,,,,,,,,
Loenen,2016,,,,,,,,,,
Loenen,2017,,,,,,,,,,
Loenen,2018,,,,,,,,,,
Loenen,2019,,,,,,,,,,
Loenen,2020,,,,,,,,,,
Loenen,2021,,,,,,,,,,
Loenen,2022,,,,,,,,,,
Loenen,2023,,,,,,,,,,
Loenen,2024,,,,,,,,,,
Loosdrecht,2014,,,,,,,,,,
Loosdrecht,2015,,,,,,,,,,
Loosdrecht,2016,,,,,,,,,,
Loosdrecht,2017,,,,,,,,,,
Loosdrecht,2018,,,,,,,,,,
Loosdrecht,2019,,,,,,,,,,
Loosdrecht,2020,,,,,,,,,,
Loosdrecht,2021,,,,,,,,,,
Loosdrecht,2022,,,,,,,,,,
Loosdrecht,2023,,,,,,,,,,
Loosdrecht,2024,,,,,,,,,,
Lopik,2014,5297,1337,3960,580,3058,298,1747,661,969,583
Lopik,2015,5352,1365,3987,604,3049,308,1764,661,993,569
Lopik,2016,5408,1366,4042,624,3071,322,1807,733,937,565
Lopik,2017,5472,1404,4068,651,3078,317,1851,727,938,552
Lopik,2018,5547,1434,4113,684,3078,327,1854,769,921,569
Lopik,2019,5611,1457,4154,709,3079,343,1880,802,922,550
Lopik,2020,5647,1488,4159,743,3050,345,1912,751,974,522
Lopik,2021,5671,1491,4180,763,3053,343,1943,776,952,509
Lopik,2022,5736,1528,4208,763,3065,356,1978,798,923,509
Lopik,2023,5839,1595,4244,792,3053,376,1971,829,930,514
Lopik,2024,5896,1619,4277,812,3071,371,2011,850,938,478
Maarn,2014,,,,,,,,,,
Maarn,2015,,,,,,,,,,
Maarn,2016,,,,,,,,,,
Maarn,2017,,,,,,,,,,
Maarn,2018,,,,,,,,,,
Maarn,2019,,,,,,,,,,
Maarn,2020,,,,,,,,,,
Maarn,2021,,,,,,,,,,
Maarn,2022,,,,,,,,,,
Maarn,2023,,,,,,,,,,
Maarn,2024,,,,,,,,,,
Maarssen,2014,,,,,,,,,,
Maarssen,2015,,,,,,,,,,
Maarssen,2016,,,,,,,,,,
Maarssen,2017,,,,,,,,,,
Maarssen,2018,,,,,,,,,,
Maarssen,2019,,,,,,,,,,
Maarssen,2020,,,,,,,,,,
Maarssen,2021,,,,,,,,,,
Maarssen,2022,,,,,,,,,,
Maarssen,2023,,,,,,,,,,
Maarssen,2024,,,,,,,,,,
Maartensdijk,2014,,,,,,,,,,
Maartensdijk,2015,,,,,,,,,,
Maartensdijk,2016,,,,,,,,,,
Maartensdijk,2017,,,,,,,,,,
Maartensdijk,2018,,,,,,,,,,
Maartensdijk,2019,,,,,,,,,,
Maartensdijk,2020,,,,,,,,,,
Maartensdijk,2021,,,,,,,,,,
Maartensdijk,2022,,,,,,,,,,
Maartensdijk,2023,,,,,,,,,,
Maartensdijk,2024,,,,,,,,,,
Medemblik,2014,17843,5035,12808,2287,9381,1084,6531,2198,2753,1326
Medemblik,2015,18051,5200,12851,2362,9330,1109,6544,2273,2696,1338
Medemblik,2016,18153,5333,12820,2427,9239,1102,6499,2286,2716,1319
Medemblik,2017,18435,5522,12913,2465,9244,1145,6564,2280,2777,1292
Medemblik,2018,18657,5623,13034,2531,9288,1166,6648,2334,2755,1297
Medemblik,2019,18874,5742,13132,2598,9272,1206,6737,2346,2735,1314
Medemblik,2020,19044,5840,13204,2618,9301,1222,6802,2345,2759,1298
Medemblik,2021,19186,5906,13280,2717,9238,1262,6987,2290,2725,1278
Medemblik,2022,19442,6113,13329,2761,9223,1280,6996,2342,2733,1258
Medemblik,2023,19755,6335,13420,2795,9266,1303,7050,2369,2707,1294
Medemblik,2024,19808,6349,13459,2852,9212,1327,7111,2399,2706,1243
Montfoort,2014,5372,1340,4032,695,3002,317,1919,692,942,479
Montfoort,2015,5410,1382,4028,670,3007,328,1916,684,957,471
Montfoort,2016,5494,1452,4042,693,3008,321,1933,681,956,472
Montfoort,2017,5551,1504,4047,715,2979,328,1920,703,942,482
Montfoort,2018,5596,1532,4064,753,2966,326,1962,714,907,481
Montfoort,2019,5660,1565,4095,772,2963,342,1977,723,933,462
Montfoort,2020,5648,1587,4061,760,2925,362,1973,690,936,462
Montfoort,2021,5680,1616,4064,784,2883,374,1976,724,908,456
Montfoort,2022,5703,1647,4056,800,2859,371,2012,697,918,429
Montfoort,2023,5776,1690,4086,796,2867,404,2034,712,903,437
Montfoort,2024,5771,1667,4104,820,2855,405,2083,723,867,431
Muiden,2014,2732,832,1900,329,1325,228,1008,355,383,154
Muiden,2015,2737,839,1898,360,1306,220,1016,366,368,148
Muiden,2016,,,,,,,,,,
Muiden,2017,,,,,,,,,,
Muiden,2018,,,,,,,,,,
Muiden,2019,,,,,,,,,,
Muiden,2020,,,,,,,,,,
Muiden,2021,,,,,,,,,,
Muiden,2022,,,,,,,,,,
Muiden,2023,,,,,,,,,,
Muiden,2024,,,,,,,,,,
Naarden,2014,7335,2519,4816,801,3536,463,2294,828,1144,550
Naarden,2015,7373,2532,4841,826,3500,494,2355,793,1159,534
Naarden,2016,,,,,,,,,,
Naarden,2017,,,,,,,,,,
Naarden,2018,,,,,,,,,,
Naarden,2019,,,,,,,,,,
Naarden,2020,,,,,,,,,,
Naarden,2021,,,,,,,,,,
Naarden,2022,,,,,,,,,,
Naarden,2023,,,,,,,,,,
Naarden,2024,,,,,,,,,,
Nederhorst den Berg,2014,,,,,,,,,,
Nederhorst den Berg,2015,,,,,,,,,,
Nederhorst den Berg,2016,,,,,,,,,,
Nederhorst den Berg,2017,,,,,,,,,,
Nederhorst den Berg,2018,,,,,,,,,,
Nederhorst den Berg,2019,,,,,,,,,,
Nederhorst den Berg,2020,,,,,,,,,,
Nederhorst den Berg,2021,,,,,,,,,,
Nederhorst den Berg,2022,,,,,,,,,,
Nederhorst den Berg,2023,,,,,,,,,,
Nederhorst den Berg,2024,,,,,,,,,,
Niedorp,2014,,,,,,,,,,
Niedorp,2015,,,,,,,,,,
Niedorp,2016,,,,,,,,,,
Niedorp,2017,,,,,,,,,,
Niedorp,2018,,,,,,,,,,
Niedorp,2019,,,,,,,,,,
Niedorp,2020,,,,,,,,,,
Niedorp,2021,,,,,,,,,,
Niedorp,2022,,,,,,,,,,
Niedorp,2023,,,,,,,,,,
Niedorp,2024,,,,,,,,,,
Nieuwegein,2014,27559,9487,18072,3354,12486,2111,9551,3670,3700,1151
Nieuwegein,2015,27773,9704,18069,3399,12416,2140,9523,3738,3657,1151
Nieuwegein,2016,28064,9875,18189,3478,12413,2162,9639,3735,3624,1191
Nieuwegein,2017,28276,10058,18218,3474,12426,2198,9706,3715,3609,1188
Nieuwegein,2018,28607,10206,18401,3609,12426,2254,9926,3669,3603,1203
Nieuwegein,2019,28985,10414,18571,3756,12397,2303,10045,3727,3601,1198
Nieuwegein,2020,29328,10773,18555,3743,12338,2351,9935,3719,3637,1264
Nieuwegein,2021,29550,10930,18620,3917,12266,2323,9979,3758,3621,1262
Nieuwegein,2022,30120,11324,18796,3999,12255,2415,10204,3719,3616,1257
Nieuwegein,2023,30503,11467,19036,4112,12350,2443,10337,3827,3552,1320
Nieuwegein,2024,30824,11777,19047,4079,12365,2471,10282,3841,3564,1360
Noorder-Koggenland,2014,,,,,,,,,,
Noorder-Koggenland,2015,,,,,,,,,,
Noorder-Koggenland,2016,,,,,,,,,,
Noorder-Koggenland,2017,,,,,,,,,,
Noorder-Koggenland,2018,,,,,,,,,,
Noorder-Koggenland,2019,,,,,,,,,,
Noorder-Koggenland,2020,,,,,,,,,,
Noorder-Koggenland,2021,,,,,,,,,,
Noorder-Koggenland,2022,,,,,,,,,,
Noorder-Koggenland,2023,,,,,,,,,,
Noorder-Koggenland,2024,,,,,,,,,,
Obdam,2014,,,,,,,,,,
Obdam,2015,,,,,,,,,,
Obdam,2016,,,,,,,,,,
Obdam,2017,,,,,,,,,,
Obdam,2018,,,,,,,,,,
Obdam,2019,,,,,,,,,,
Obdam,2020,,,,,,,,,,
Obdam,2021,,,,,,,,,,
Obdam,2022,,,,,,,,,,
Obdam,2023,,,,,,,,,,
Obdam,2024,,,,,,,,,,
Oostzaan,2014,3830,1045,2785,484,2030,263,1374,595,642,174
Oostzaan,2015,3854,1057,2797,497,2020,274,1376,595,666,160
Oostzaan,2016,4001,1087,2914,552,2063,288,1443,641,669,161
Oostzaan,2017,4050,1105,2945,573,2060,303,1436,666,677,166
Oostzaan,2018,4090,1139,2951,578,2062,302,1416,667,704,164
Oostzaan,2019,4091,1134,2957,578,2057,313,1411,671,710,165
Oostzaan,2020,4084,1141,2943,556,2057,320,1403,686,675,179
Oostzaan,2021,4059,1125,2934,578,2035,311,1395,705,649,185
Oostzaan,2022,4096,1185,2911,580,2014,307,1427,646,655,183
Oostzaan,2023,4130,1215,2915,581,2004,320,1414,641,675,185
Oostzaan,2024,4149,1245,2904,575,2001,316,1420,635,664,185
Opmeer,2014,4607,1289,3318,583,2456,267,1606,570,736,406
Opmeer,2015,4604,1328,3276,595,2402,270,1571,575,741,389
Opmeer,2016,4645,1342,3303,624,2397,270,1597,599,734,373
Opmeer,2017,4694,1357,3337,630,2422,276,1637,603,725,372
Opmeer,2018,4752,1356,3396,666,2431,286,1693,596,742,365
Opmeer,2019,4948,1514,3434,687,2449,283,1704,625,748,357
Opmeer,2020,5018,1566,3452,693,2468,280,1738,623,746,345
Opmeer,2021,5102,1590,3512,710,2497,294,1793,624,742,353
Opmeer,2022,5188,1634,3554,735,2506,302,1850,604,750,350
Opmeer,2023,5288,1770,3518,710,2493,301,1790,621,763,344
Opmeer,2024,5285,1735,3550,743,2487,302,1819,661,724,346
Ouder-Amstel,2014,5826,2017,3809,764,2543,478,1901,747,851,310
Ouder-Amstel,2015,5872,2080,3792,761,2513,497,1912,746,809,325
Ouder-Amstel,2016,5935,2122,3813,801,2504,484,1899,779,806,329
Ouder-Amstel,2017,5942,2106,3836,817,2487,509,1906,787,821,322
Ouder-Amstel,2018,5987,2114,3873,826,2505,520,1916,799,835,323
Ouder-Amstel,2019,6269,2307,3962,853,2551,534,1993,788,863,318
Ouder-Amstel,2020,6314,2316,3998,884,2558,534,2006,796,865,331
Ouder-Amstel,2021,6374,2309,4065,940,2559,539,2051,846,866,302
Ouder-Amstel,2022,6434,2343,4091,949,2559,560,2095,847,814,335
Ouder-Amstel,2023,6466,2394,4072,948,2550,553,2078,812,834,348
Ouder-Amstel,2024,6610,2498,4112,958,2553,572,2114,838,820,340
Oudewater,2014,3971,1170,2801,510,2060,222,1321,497,628,355
Oudewater,2015,4031,1213,2818,531,2058,222,1332,501,633,352
Oudewater,2016,4112,1251,2861,564,2049,242,1367,523,621,350
Oudewater,2017,4208,1279,2929,589,2067,264,1416,544,635,334
Oudewater,2018,4199,1263,2936,605,2064,260,1416,562,630,328
Oudewater,2019,4229,1291,2938,623,2048,257,1424,555,627,332
Oudewater,2020,4265,1307,2958,649,2034,265,1465,540,624,329
Oudewater,2021,4278,1346,2932,646,2003,272,1474,531,612,315
Oudewater,2022,4313,1369,2944,656,1997,277,1498,536,602,308
Oudewater,2023,4392,1429,2963,643,2017,288,1536,532,588,307
Oudewater,2024,4427,1445,2982,652,2011,305,1549,553,598,282
Purmerend,2014,35050,11570,23480,4272,15744,3331,11707,5331,5083,1359
Purmerend,2015,35268,11801,23467,4322,15625,3392,11801,5281,5019,1366
Purmerend,2016,35558,12028,23530,4392,15565,3450,11889,5351,4931,1359
Purmerend,2017,35669,12068,23601,4448,15568,3467,12023,5338,4880,1360
Purmerend,2018,35763,12186,23577,4453,15507,3506,11998,5380,4852,1347
Purmerend,2019,35869,12244,23625,4460,15483,3562,12079,5320,4876,1350
Purmerend,2020,36654,12706,23948,4672,15556,3585,12348,5393,4849,1358
Purmerend,2021,36921,12834,24087,4753,15504,3661,12510,5438,4749,1390
Purmerend,2022,41463,14299,27164,5545,17508,3935,14152,5988,5369,1655
Purmerend,2023,42651,15197,27454,5618,17626,4036,14333,6049,5397,1675
Purmerend,2024,43237,15431,27806,5750,17758,4113,14556,6141,5403,1706
Renswoude,2014,1810,410,1400,163,1148,84,606,253,314,227
Renswoude,2015,1829,407,1422,163,1171,84,624,249,320,229
Renswoude,2016,1871,429,1442,172,1179,86,639,246,323,234
Renswoude,2017,1883,444,1439,161,1183,88,621,244,334,240
Renswoude,2018,1954,483,1471,174,1207,84,639,268,340,224
Renswoude,2019,1988,512,1476,178,1207,85,640,259,334,243
Renswoude,2020,2089,530,1559,197,1258,99,710,277,329,243
Renswoude,2021,2142,549,1593,202,1269,112,728,290,336,239
Renswoude,2022,2191,569,1622,212,1297,106,749,295,337,241
Renswoude,2023,2278,662,1616,212,1294,102,733,300,349,234
Renswoude,2024,2257,619,1638,198,1316,114,747,306,350,235
Rhenen,2014,7728,2224,5504,745,4281,434,2792,971,1067,674
Rhenen,2015,7821,2280,5541,777,4278,444,2824,968,1055,694
Rhenen,2016,7896,2351,5545,759,4289,456,2815,983,1045,702
Rhenen,2017,8015,2416,5599,782,4331,445,2882,972,1044,701
Rhenen,2018,8137,2467,5670,815,4367,448,2931,981,1059,699
Rhenen,2019,8261,2564,5697,812,4391,455,2919,998,1079,701
Rhenen,2020,8286,2563,5723,820,4383,474,2922,1002,1107,692
Rhenen,2021,8320,2570,5750,840,4393,478,2964,1012,1082,692
Rhenen,2022,8359,2601,5758,849,4380,488,2947,1037,1082,692
Rhenen,2023,8437,2672,5765,828,4377,526,2975,1023,1070,697
Rhenen,2024,8489,2733,5756,871,4332,515,3002,1042,1025,687
De Ronde Venen,2014,17839,5190,12649,2109,9226,1253,6228,2425,2894,1102
De Ronde Venen,2015,17835,5165,12670,2163,9200,1248,6218,2491,2885,1076
De Ronde Venen,2016,17965,5285,12680,2179,9154,1297,6305,2488,2832,1055
De Ronde Venen,2017,18131,5390,12741,2295,9130,1264,6373,2506,2813,1049
De Ronde Venen,2018,18591,5532,13059,2485,9176,1337,6652,2541,2789,1077
De Ronde Venen,2019,18885,5701,13184,2585,9161,1377,6719,2614,2775,1076
De Ronde Venen,2020,19125,5857,13268,2618,9193,1396,6747,2680,2767,1074
De Ronde Venen,2021,19287,5923,13364,2649,9201,1450,6830,2664,2815,1055
De Ronde Venen,2022,19457,6064,13393,2680,9221,1433,6869,2647,2796,1081
De Ronde Venen,2023,19748,6189,13559,2712,9258,1528,6939,2718,2807,1095
De Ronde Venen,2024,19963,6338,13625,2758,9266,1536,6995,2755,2792,1083
Schagen,2014,19739,6135,13604,2513,9767,1254,7173,2340,2820,1271
Schagen,2015,19977,6299,13678,2576,9757,1272,7322,2314,2821,1221
Schagen,2016,20005,6349,13656,2570,9710,1309,7319,2313,2812,1212
Schagen,2017,20063,6475,13588,2588,9652,1284,7258,2301,2821,1208
Schagen,2018,20276,6658,13618,2621,9621,1310,7294,2352,2771,1201
Schagen,2019,20422,6709,13713,2672,9611,1357,7395,2361,2768,1189
Schagen,2020,20548,6888,13660,2685,9547,1354,7430,2304,2739,1187
Schagen,2021,20611,6913,13698,2783,9464,1380,7458,2339,2733,1168
Schagen,2022,20869,7136,13733,2796,9445,1419,7511,2312,2733,1177
Schagen,2023,21245,7388,13857,2879,9488,1421,7569,2390,2707,1191
Schagen,2024,21436,7514,13922,2947,9464,1438,7639,2394,2741,1148
Schermer,2014,2229,597,1632,335,1182,106,805,268,357,202
Schermer,2015,,,,,,,,,,
Schermer,2016,,,,,,,,,,
Schermer,2017,,,,,,,,,,
Schermer,2018,,,,,,,,,,
Schermer,2019,,,,,,,,,,
Schermer,2020,,,,,,,,,,
Schermer,2021,,,,,,,,,,
Schermer,2022,,,,,,,,,,
Schermer,2023,,,,,,,,,,
Schermer,2024,,,,,,,,,,
Schoorl,2014,,,,,,,,,,
Schoorl,2015,,,,,,,,,,
Schoorl,2016,,,,,,,,,,
Schoorl,2017,,,,,,,,,,
Schoorl,2018,,,,,,,,,,
Schoorl,2019,,,,,,,,,,
Schoorl,2020,,,,,,,,,,
Schoorl,2021,,,,,,,,,,
Schoorl,2022,,,,,,,,,,
Schoorl,2023,,,,,,,,,,
Schoorl,2024,,,,,,,,,,
Soest,2014,19998,6788,13210,2262,9567,1310,6908,2351,2767,1184
Soest,2015,19965,6725,13240,2324,9514,1331,6952,2387,2745,1156
Soest,2016,19996,6746,13250,2342,9502,1337,6946,2425,2729,1150
Soest,2017,20168,6829,13339,2399,9506,1360,6974,2408,2761,1196
Soest,2018,20255,6828,13427,2447,9508,1401,7064,2375,2789,1199
Soest,2019,20401,6998,13403,2479,9468,1388,7017,2427,2775,1184
Soest,2020,20636,7120,13516,2502,9533,1417,7047,2511,2768,1190
Soest,2021,20752,7132,13620,2612,9511,1419,7100,2546,2772,1202
Soest,2022,20856,7091,13765,2749,9470,1453,7256,2586,2752,1171
Soest,2023,21034,7232,13802,2803,9468,1456,7219,2669,2756,1158
Soest,2024,21251,7385,13866,2842,9496,1433,7287,2697,2730,1152
Stede Broec,2014,8890,2382,6508,1000,4912,567,3351,1195,1366,596
Stede Broec,2015,8931,2428,6503,1047,4861,567,3360,1210,1346,587
Stede Broec,2016,9003,2538,6465,1034,4813,595,3362,1188,1341,574
Stede Broec,2017,9039,2561,6478,1037,4805,613,3374,1190,1348,566
Stede Broec,2018,9065,2527,6538,1080,4779,652,3401,1222,1347,568
Stede Broec,2019,9132,2589,6543,1076,4785,659,3432,1213,1330,568
Stede Broec,2020,9161,2610,6551,1073,4777,667,3451,1195,1345,560
Stede Broec,2021,9222,2678,6544,1092,4779,648,3436,1205,1346,557
Stede Broec,2022,9367,2786,6581,1105,4781,667,3445,1216,1364,556
Stede Broec,2023,9480,2877,6603,1121,4772,683,3456,1231,1355,561
Stede Broec,2024,9556,2972,6584,1086,4761,707,3477,1202,1356,549
Stichtse Vecht,2014,27303,8447,18856,3491,13393,1885,9318,3817,4276,1445
Stichtse Vecht,2015,27426,8531,18895,3572,13331,1903,9419,3803,4226,1447
Stichtse Vecht,2016,27526,8567,18959,3703,13230,1939,9513,3797,4171,1478
Stichtse Vecht,2017,27796,8771,19025,3839,13185,1919,9511,3839,4198,1477
Stichtse Vecht,2018,27946,8892,19054,3833,13143,1990,9644,3730,4183,1497
Stichtse Vecht,2019,27878,8925,18953,3877,13006,1994,9600,3691,4139,1523
Stichtse Vecht,2020,28236,9145,19091,3997,13000,2008,9690,3749,4134,1518
Stichtse Vecht,2021,28438,9267,19171,4130,12921,2035,9802,3761,4104,1504
Stichtse Vecht,2022,28618,9389,19229,4233,12854,2058,9915,3766,4064,1484
Stichtse Vecht,2023,29022,9743,19279,4175,12881,2123,9865,3896,4032,1486
Stichtse Vecht,2024,29192,9847,19345,4190,12913,2122,10013,3874,3980,1478
Texel,2014,6145,2133,4012,705,2950,343,2307,684,696,325
Texel,2015,6189,2163,4026,720,2931,355,2314,706,686,320
Texel,2016,6227,2194,4033,739,2912,362,2360,682,676,315
Texel,2017,6223,2217,4006,736,2878,370,2340,684,666,316
Texel,2018,6310,2294,4016,745,2871,381,2360,730,621,305
Texel,2019,6374,2379,3995,757,2823,391,2371,728,603,293
Texel,2020,6414,2422,3992,784,2812,384,2377,731,604,280
Texel,2021,6496,2494,4002,796,2809,383,2408,721,600,273
Texel,2022,6542,2530,4012,819,2798,377,2424,709,622,257
Texel,2023,6793,2745,4048,822,2815,396,2431,736,628,253
Texel,2024,6776,2772,4004,828,2782,373,2427,761,583,233
Uitgeest,2014,5463,1498,3965,808,2765,378,1932,714,999,320
Uitgeest,2015,5477,1484,3993,818,2778,382,1934,741,1000,318
Uitgeest,2016,5542,1553,3989,802,2793,383,1914,755,1013,307
Uitgeest,2017,5562,1535,4027,792,2839,383,1939,742,1028,318
Uitgeest,2018,5627,1586,4041,803,2839,387,1954,751,1025,311
Uitgeest,2019,5615,1547,4068,803,2847,403,1975,760,1031,302
Uitgeest,2020,5701,1597,4104,827,2840,424,1979,807,1016,302
Uitgeest,2021,5712,1610,4102,849,2820,417,1986,823,1007,286
Uitgeest,2022,5692,1629,4063,816,2823,405,1964,805,996,298
Uitgeest,2023,5701,1664,4037,801,2804,411,1986,778,989,284
Uitgeest,2024,5698,1672,4026,812,2789,406,1992,790,962,282
Uithoorn,2014,12262,3880,8382,1507,5823,1005,4116,1758,1921,587
Uithoorn,2015,12490,4021,8469,1533,5799,1087,4181,1791,1909,588
Uithoorn,2016,12729,4142,8587,1637,5786,1105,4245,1829,1916,597
Uithoorn,2017,12728,4190,8538,1629,5752,1105,4151,1833,1942,612
Uithoorn,2018,12811,4203,8608,1681,5748,1123,4150,1910,1949,599
Uithoorn,2019,12791,4210,8581,1681,5718,1125,4107,1908,1977,589
Uithoorn,2020,12792,4193,8599,1647,5763,1143,4105,1950,1930,614
Uithoorn,2021,13126,4299,8827,1689,5891,1201,4196,2063,1949,619
Uithoorn,2022,13505,4438,9067,1769,6021,1223,4310,2126,2016,615
Uithoorn,2023,13747,4638,9109,1713,6101,1248,4259,2185,2042,623
Uithoorn,2024,13809,4630,9179,1713,6141,1275,4248,2242,2072,617
Utrecht (gemeente),2014,169513,88766,80747,26801,43094,9104,41069,15997,16071,7610
Utrecht (gemeente),2015,172749,91038,81711,27338,43273,9320,41387,16017,16495,7812
Utrecht (gemeente),2016,174765,91746,83019,28102,43562,9539,42048,16049,16851,8071
Utrecht (gemeente),2017,176592,92580,84012,28613,43951,9681,42387,16151,17200,8274
Utrecht (gemeente),2018,178186,92623,85563,29664,44341,9896,43359,16249,17545,8410
Utrecht (gemeente),2019,180374,93120,87254,30700,44792,10078,44296,16476,17847,8635
Utrecht (gemeente),2020,181670,92312,89358,31967,45536,10215,45591,16779,18323,8665
Utrecht (gemeente),2021,181775,90986,90789,33377,45403,10332,46731,16890,18513,8655
Utrecht (gemeente),2022,183465,92360,91105,33554,45425,10429,46709,17113,18672,8611
Utrecht (gemeente),2023,187640,95359,92281,33726,46104,10727,47411,17428,18807,8635
Utrecht (gemeente),2024,193267,100296,92971,33500,46598,10946,47901,17837,18755,8478
Utrechtse Heuvelrug,2014,20724,7216,13508,2031,10280,1125,7255,2296,2664,1293
Utrechtse Heuvelrug,2015,21001,7377,13624,2113,10254,1182,7391,2333,2636,1264
Utrechtse Heuvelrug,2016,21148,7458,13690,2216,10227,1180,7385,2362,2677,1266
Utrechtse Heuvelrug,2017,21367,7558,13809,2368,10195,1175,7390,2393,2757,1269
Utrechtse Heuvelrug,2018,21383,7559,13824,2389,10173,1186,7337,2414,2762,1311
Utrechtse Heuvelrug,2019,21514,7614,13900,2458,10156,1216,7445,2346,2770,1339
Utrechtse Heuvelrug,2020,21590,7650,13940,2469,10132,1271,7482,2357,2773,1328
Utrechtse Heuvelrug,2021,21622,7524,14098,2640,10101,1286,7589,2393,2761,1355
Utrechtse Heuvelrug,2022,21738,7627,14111,2700,10068,1276,7614,2370,2780,1347
Utrechtse Heuvelrug,2023,21947,7821,14126,2695,10062,1305,7567,2400,2795,1364
Utrechtse Heuvelrug,2024,22251,8103,14148,2714,10025,1328,7659,2420,2751,1318
Veenendaal,2014,25879,7767,18112,2182,14078,1730,8903,3255,3752,2202
Veenendaal,2015,26111,7946,18165,2253,14059,1734,8960,3273,3718,2214
Veenendaal,2016,26362,8138,18224,2291,14024,1795,9020,3300,3696,2208
Veenendaal,2017,26774,8505,18269,2360,13993,1797,9009,3335,3675,2250
Veenendaal,2018,27226,8828,18398,2468,13976,1834,9077,3376,3750,2195
Veenendaal,2019,27540,8923,18617,2498,14081,1916,9213,3435,3772,2197
Veenendaal,2020,28021,9156,18865,2601,14201,1937,9405,3398,3836,2226
Veenendaal,2021,28194,9264,18930,2695,14172,1930,9430,3361,3882,2257
Veenendaal,2022,28679,9472,19207,2839,14294,1943,9660,3373,3942,2232
Veenendaal,2023,29071,9720,19351,2841,14411,1957,9668,3487,3912,2284
Veenendaal,2024,29603,10023,19580,2901,14511,2025,9803,3597,3859,2321
Velsen,2014,30096,10554,19542,3510,13641,2274,10066,4012,4194,1270
Velsen,2015,30258,10733,19525,3506,13550,2347,10054,4068,4141,1262
Velsen,2016,30335,10731,19604,3645,13441,2409,10063,4108,4157,1276
Velsen,2017,30406,10746,19660,3779,13409,2362,10037,4138,4174,1311
Velsen,2018,30511,10798,19713,3853,13293,2460,10051,4253,4086,1323
Velsen,2019,30915,11118,19797,3937,13209,2550,10138,4200,4124,1335
Velsen,2020,31058,11109,19949,4062,13186,2588,10295,4197,4116,1341
Velsen,2021,31211,11201,20010,4160,13077,2652,10424,4228,4061,1297
Velsen,2022,31378,11489,19889,4138,12947,2667,10418,4167,4041,1263
Velsen,2023,31642,11709,19933,4110,12907,2776,10489,4153,4019,1272
Velsen,2024,31797,11758,20039,4198,12902,2802,10514,4276,3969,1280
Venhuizen,2014,,,,,,,,,,
Venhuizen,2015,,,,,,,,,,
Venhuizen,2016,,,,,,,,,,
Venhuizen,2017,,,,,,,,,,
Venhuizen,2018,,,,,,,,,,
Venhuizen,2019,,,,,,,,,,
Venhuizen,2020,,,,,,,,,,
Venhuizen,2021,,,,,,,,,,
Venhuizen,2022,,,,,,,,,,
Venhuizen,2023,,,,,,,,,,
Venhuizen,2024,,,,,,,,,,
Vianen,2014,8038,2137,5901,979,4291,597,2911,1181,1316,493
Vianen,2015,8101,2179,5922,980,4292,618,2962,1185,1281,494
Vianen,2016,8077,2228,5849,981,4228,610,2905,1183,1268,493
Vianen,2017,8212,2311,5901,1049,4198,616,2945,1198,1273,485
Vianen,2018,8301,2318,5983,1101,4224,623,2974,1239,1274,496
Vianen,2019,,,,,,,,,,
Vianen,2020,,,,,,,,,,
Vianen,2021,,,,,,,,,,
Vianen,2022,,,,,,,,,,
Vianen,2023,,,,,,,,,,
Vianen,2024,,,,,,,,,,
Vijfheerenlanden,2014,,,,,,,,,,
Vijfheerenlanden,2015,,,,,,,,,,
Vijfheerenlanden,2016,,,,,,,,,,
Vijfheerenlanden,2017,,,,,,,,,,
Vijfheerenlanden,2018,,,,,,,,,,
Vijfheerenlanden,2019,22845,6678,16167,2480,12006,1573,7990,3100,3331,1746
Vijfheerenlanden,2020,23339,6793,16546,2698,12121,1619,8271,3131,3394,1750
Vijfheerenlanden,2021,23796,6938,16858,2866,12219,1660,8380,3285,3410,1783
Vijfheerenlanden,2022,24182,7096,17086,2966,12286,1720,8429,3347,3496,1814
Vijfheerenlanden,2023,24718,7336,17382,3089,12438,1743,8536,3417,3558,1871
Vijfheerenlanden,2024,25417,7572,17845,3286,12692,1739,8752,3546,3649,1898
Vleuten-De Meern,2014,,,,,,,,,,
Vleuten-De Meern,2015,,,,,,,,,,
Vleuten-De Meern,2016,,,,,,,,,,
Vleuten-De Meern,2017,,,,,,,,,,
Vleuten-De Meern,2018,,,,,,,,,,
Vleuten-De Meern,2019,,,,,,,,,,
Vleuten-De Meern,2020,,,,,,,,,,
Vleuten-De Meern,2021,,,,,,,,,,
Vleuten-De Meern,2022,,,,,,,,,,
Vleuten-De Meern,2023,,,,,,,,,,
Vleuten-De Meern,2024,,,,,,,,,,
Waterland,2014,7364,2176,5188,857,3841,471,2731,944,1130,383
Waterland,2015,7382,2213,5169,868,3831,447,2692,963,1146,368
Waterland,2016,7445,2204,5241,919,3832,465,2735,1001,1132,373
Waterland,2017,7454,2242,5212,926,3816,452,2717,988,1112,395
Waterland,2018,7442,2240,5202,943,3777,463,2730,959,1125,388
Waterland,2019,7476,2253,5223,949,3767,489,2738,966,1126,393
Waterland,2020,7558,2334,5224,956,3740,505,2722,969,1151,382
Waterland,2021,7538,2341,5197,986,3659,530,2707,998,1116,376
Waterland,2022,7592,2377,5215,994,3638,558,2745,998,1095,377
Waterland,2023,7802,2523,5279,1015,3632,604,2816,1003,1075,385
Waterland,2024,7842,2593,5249,1043,3585,597,2802,1030,1057,360
Weesp,2014,8529,3401,5128,1068,3428,594,2765,987,1021,355
Weesp,2015,8615,3416,5199,1100,3444,620,2823,994,1020,362
Weesp,2016,8688,3425,5263,1143,3456,635,2862,998,1021,382
Weesp,2017,8764,3445,5319,1182,3473,629,2864,1018,1049,388
Weesp,2018,8951,3488,5463,1245,3552,632,2956,1037,1070,400
Weesp,2019,9038,3562,5476,1242,3568,624,2947,1034,1083,412
Weesp,2020,9174,3600,5574,1266,3633,627,2928,1095,1136,415
Weesp,2021,9374,3615,5759,1419,3667,625,2956,1130,1227,446
Weesp,2022,9509,3639,5870,1454,3711,656,3024,1141,1243,462
Weesp,2023,,,,,,,,,,
Weesp,2024,,,,,,,,,,
Wervershoof,2014,,,,,,,,,,
Wervershoof,2015,,,,,,,,,,
Wervershoof,2016,,,,,,,,,,
Wervershoof,2017,,,,,,,,,,
Wervershoof,2018,,,,,,,,,,
Wervershoof,2019,,,,,,,,,,
Wervershoof,2020,,,,,,,,,,
Wervershoof,2021,,,,,,,,,,
Wervershoof,2022,,,,,,,,,,
Wervershoof,2023,,,,,,,,,,
Wervershoof,2024,,,,,,,,,,
Wester-Koggenland,2014,,,,,,,,,,
Wester-Koggenland,2015,,,,,,,,,,
Wester-Koggenland,2016,,,,,,,,,,
Wester-Koggenland,2017,,,,,,,,,,
Wester-Koggenland,2018,,,,,,,,,,
Wester-Koggenland,2019,,,,,,,,,,
Wester-Koggenland,2020,,,,,,,,,,
Wester-Koggenland,2021,,,,,,,,,,
Wester-Koggenland,2022,,,,,,,,,,
Wester-Koggenland,2023,,,,,,,,,,
Wester-Koggenland,2024,,,,,,,,,,
Wieringen,2014,,,,,,,,,,
Wieringen,2015,,,,,,,,,,
Wieringen,2016,,,,,,,,,,
Wieringen,2017,,,,,,,,,,
Wieringen,2018,,,,,,,,,,
Wieringen,2019,,,,,,,,,,
Wieringen,2020,,,,,,,,,,
Wieringen,2021,,,,,,,,,,
Wieringen,2022,,,,,,,,,,
Wieringen,2023,,,,,,,,,,
Wieringen,2024,,,,,,,,,,
Wieringermeer,2014,,,,,,,,,,
Wieringermeer,2015,,,,,,,,,,
Wieringermeer,2016,,,,,,,,,,
Wieringermeer,2017,,,,,,,,,,
Wieringermeer,2018,,,,,,,,,,
Wieringermeer,2019,,,,,,,,,,
Wieringermeer,2020,,,,,,,,,,
Wieringermeer,2021,,,,,,,,,,
Wieringermeer,2022,,,,,,,,,,
Wieringermeer,2023,,,,,,,,,,
Wieringermeer,2024,,,,,,,,,,
Wijdemeren,2014,9956,2993,6963,1252,5010,669,3692,1292,1490,489
Wijdemeren,2015,10201,3207,6994,1281,5006,677,3752,1284,1471,487
Wijdemeren,2016,10264,3253,7011,1326,4976,676,3756,1317,1458,480
Wijdemeren,2017,10331,3266,7065,1371,4997,672,3791,1308,1490,476
Wijdemeren,2018,10354,3239,7115,1439,4985,666,3759,1369,1504,483
Wijdemeren,2019,10527,3309,7218,1504,4997,688,3810,1395,1521,492
Wijdemeren,2020,10667,3384,7283,1561,4987,702,3818,1405,1545,515
Wijdemeren,2021,10755,3455,7300,1602,4973,696,3828,1427,1533,512
Wijdemeren,2022,10820,3528,7292,1639,4943,681,3846,1403,1520,523
Wijdemeren,2023,10880,3540,7340,1659,4955,700,3875,1389,1549,527
Wijdemeren,2024,10875,3548,7327,1665,4923,700,3889,1410,1506,522
Wijk bij Duurstede,2014,9510,2517,6993,1088,5195,674,3486,1358,1576,573
Wijk bij Duurstede,2015,9674,2614,7060,1160,5211,655,3576,1358,1566,560
Wijk bij Duurstede,2016,9773,2640,7133,1223,5217,659,3679,1355,1540,559
Wijk bij Duurstede,2017,9830,2666,7164,1225,5212,690,3691,1386,1519,568
Wijk bij Duurstede,2018,9909,2663,7246,1278,5235,694,3748,1417,1515,566
Wijk bij Duurstede,2019,9967,2740,7227,1291,5224,679,3711,1426,1524,566
Wijk bij Duurstede,2020,10096,2813,7283,1336,5211,700,3819,1363,1533,568
Wijk bij Duurstede,2021,10235,2915,7320,1343,5222,720,3932,1340,1499,549
Wijk bij Duurstede,2022,10309,2994,7315,1383,5184,717,3961,1332,1466,556
Wijk bij Duurstede,2023,10390,3067,7323,1364,5175,749,3971,1350,1445,557
Wijk bij Duurstede,2024,10418,3118,7300,1348,5157,763,3988,1331,1426,555
Woerden,2014,20804,6228,14576,2617,10585,1290,6982,2706,3312,1576
Woerden,2015,20903,6311,14592,2725,10515,1279,7022,2682,3348,1540
Woerden,2016,21187,6510,14677,2789,10494,1328,7052,2709,3345,1571
Woerden,2017,21424,6639,14785,2868,10468,1376,7141,2746,3309,1589
Woerden,2018,21570,6683,14887,2976,10429,1404,7263,2712,3316,1596
Woerden,2019,21783,6771,15012,3003,10467,1471,7343,2736,3334,1599
Woerden,2020,21873,6805,15068,3047,10458,1484,7362,2790,3329,1587
Woerden,2021,22224,7040,15184,3176,10391,1542,7520,2743,3311,1610
Woerden,2022,22368,7148,15220,3252,10353,1541,7535,2773,3305,1607
Woerden,2023,22640,7347,15293,3299,10353,1568,7585,2855,3264,1589
Woerden,2024,23029,7590,15439,3400,10375,1575,7763,2859,3279,1538
Wognum,2014,,,,,,,,,,
Wognum,2015,,,,,,,,,,
Wognum,2016,,,,,,,,,,
Wognum,2017,,,,,,,,,,
Wognum,2018,,,,,,,,,,
Wognum,2019,,,,,,,,,,
Wognum,2020,,,,,,,,,,
Wognum,2021,,,,,,,,,,
Wognum,2022,,,,,,,,,,
Wognum,2023,,,,,,,,,,
Wognum,2024,,,,,,,,,,
Wormerland,2014,6782,2027,4755,781,3439,504,2485,885,1020,365
Wormerland,2015,6843,2078,4765,807,3412,514,2527,875,1014,349
Wormerland,2016,6824,2105,4719,813,3375,507,2509,858,989,363
Wormerland,2017,6923,2171,4752,845,3370,510,2526,895,959,372
Wormerland,2018,6989,2182,4807,863,3383,535,2551,907,977,372
Wormerland,2019,7139,2235,4904,905,3407,569,2577,950,1008,369
Wormerland,2020,7107,2230,4877,905,3404,547,2532,961,1027,357
Wormerland,2021,7132,2220,4912,930,3406,555,2550,975,1042,345
Wormerland,2022,7206,2288,4918,950,3389,555,2598,940,1027,353
Wormerland,2023,7360,2407,4953,957,3409,562,2610,954,1033,356
Wormerland,2024,7363,2438,4925,954,3380,567,2567,1009,1005,344
Woudenberg,2014,4757,1238,3519,398,2876,229,1676,609,728,506
Woudenberg,2015,4815,1288,3527,400,2863,249,1692,583,744,508
Woudenberg,2016,4807,1289,3518,388,2850,265,1660,596,745,517
Woudenberg,2017,4883,1321,3562,413,2874,263,1686,608,757,511
Woudenberg,2018,4991,1342,3649,438,2928,265,1731,605,786,527
Woudenberg,2019,5048,1337,3711,450,2948,299,1770,625,789,527
Woudenberg,2020,5135,1372,3763,447,2996,300,1799,634,781,549
Woudenberg,2021,5232,1409,3823,465,3044,296,1792,683,779,569
Woudenberg,2022,5339,1445,3894,505,3074,298,1841,679,794,580
Woudenberg,2023,5509,1502,4007,522,3151,316,1880,719,800,608
Woudenberg,2024,5674,1571,4103,555,3191,337,1945,759,805,594
Zaanstad,2014,67348,23532,43816,8436,28818,6220,22277,9211,9280,3048
Zaanstad,2015,67658,23726,43932,8586,28666,6347,22165,9377,9282,3108
Zaanstad,2016,68240,24146,44094,8638,28567,6554,22172,9425,9362,3135
Zaanstad,2017,69063,24713,44350,8888,28457,6689,22182,9587,9352,3229
Zaanstad,2018,69626,24967,44659,9141,28362,6834,22362,9639,9382,3276
Zaanstad,2019,69962,25202,44760,9189,28246,6964,22333,9661,9423,3343
Zaanstad,2020,70358,25391,44967,9309,28236,7071,22475,9696,9381,3415
Zaanstad,2021,70545,25671,44874,9542,27945,7034,22433,9564,9456,3421
Zaanstad,2022,70806,25941,44865,9675,27743,7086,22482,9605,9288,3490
Zaanstad,2023,72213,27044,45169,9836,27735,7240,22626,9719,9274,3550
Zaanstad,2024,73077,27434,45643,10033,27797,7397,22875,9908,9223,3637
Zandvoort,2014,8240,3536,4704,1051,2957,660,2755,968,769,212
Zandvoort,2015,8299,3575,4724,1080,2950,657,2768,971,765,220
Zandvoort,2016,8325,3569,4756,1080,2961,688,2778,970,784,224
Zandvoort,2017,8416,3630,4786,1116,2928,715,2798,970,795,223
Zandvoort,2018,8441,3611,4830,1157,2934,710,2806,1009,791,224
Zandvoort,2019,8456,3623,4833,1157,2919,735,2804,989,815,225
Zandvoort,2020,8555,3721,4834,1136,2898,771,2798,995,810,231
Zandvoort,2021,8590,3730,4860,1185,2867,771,2825,989,809,237
Zandvoort,2022,8615,3807,4808,1195,2811,768,2788,995,789,236
Zandvoort,2023,8857,3953,4904,1247,2817,808,2880,992,785,247
Zandvoort,2024,8845,3947,4898,1261,2796,793,2917,969,772,240
Zeevang,2014,2612,688,1924,354,1435,132,999,340,406,179
Zeevang,2015,2607,695,1912,351,1415,141,1002,332,404,174
Zeevang,2016,,,,,,,,,,
Zeevang,2017,,,,,,,,,,
Zeevang,2018,,,,,,,,,,
Zeevang,2019,,,,,,,,,,
Zeevang,2020,,,,,,,,,,
Zeevang,2021,,,,,,,,,,
Zeevang,2022,,,,,,,,,,
Zeevang,2023,,,,,,,,,,
Zeevang,2024,,,,,,,,,,
Zeist,2014,27700,11338,16362,3073,11373,1772,8545,2922,3277,1618
Zeist,2015,28055,11670,16385,3132,11313,1813,8536,2960,3270,1619
Zeist,2016,28142,11502,16640,3261,11349,1900,8675,3007,3311,1647
Zeist,2017,28424,11701,16723,3296,11337,1949,8611,3000,3449,1663
Zeist,2018,28624,11744,16880,3402,11341,1997,8706,2979,3488,1707
Zeist,2019,28883,11721,17162,3493,11454,2079,8787,3084,3560,1731
Zeist,2020,29324,11977,17347,3600,11504,2118,8856,3110,3605,1776
Zeist,2021,29407,11942,17465,3790,11453,2094,9007,3122,3572,1764
Zeist,2022,29860,12217,17643,3913,11477,2114,9121,3184,3601,1737
Zeist,2023,30312,12608,17704,3919,11472,2149,9091,3250,3619,1744
Zeist,2024,30615,12866,17749,3974,11490,2116,9247,3271,3551,1680
Zijpe,2014,,,,,,,,,,
Zijpe,2015,,,,,,,,,,
Zijpe,2016,,,,,,,,,,
Zijpe,2017,,,,,,,,,,
Zijpe,2018,,,,,,,,,,
Zijpe,2019,,,,,,,,,,
Zijpe,2020,,,,,,,,,,
Zijpe,2021,,,,,,,,,,
Zijpe,2022,,,,,,,,,,
Zijpe,2023,,,,,,,,,,
Zijpe,2024,,,,,,,,,,
Bron: CBS,,,,,,,,,,,
